Datetime,Water Level (m)
2025-11-19 18:00:00,-0.022930367
2025-11-19 19:00:00,0.21663558
2025-11-19 20:00:00,0.44340178
2025-11-19 21:00:00,0.5948506
2025-11-19 22:00:00,0.5699873
2025-11-19 23:00:00,0.4159242
2025-11-20 00:00:00,0.24198125
2025-11-20 01:00:00,0.06836355
2025-11-20 02:00:00,-0.100545555
2025-11-20 03:00:00,-0.25307515
2025-11-20 04:00:00,-0.35867497
2025-11-20 05:00:00,-0.28830743
2025-11-20 06:00:00,-0.0927816
2025-11-20 07:00:00,0.11607859
2025-11-20 08:00:00,0.296459
2025-11-20 09:00:00,0.38078058
2025-11-20 10:00:00,0.31609106
2025-11-20 11:00:00,0.17620073
2025-11-20 12:00:00,0.0239509
2025-11-20 13:00:00,-0.13090096
2025-11-20 14:00:00,-0.28235182
2025-11-20 15:00:00,-0.4117508
2025-11-20 16:00:00,-0.477315
2025-11-20 17:00:00,-0.35658935
2025-11-20 18:00:00,-0.13707376
2025-11-20 19:00:00,0.1135367
2025-11-20 20:00:00,0.3749504
2025-11-20 21:00:00,0.5893886
2025-11-20 22:00:00,0.6492642
2025-11-20 23:00:00,0.5256015
2025-11-21 00:00:00,0.349425
2025-11-21 01:00:00,0.17067358
2025-11-21 02:00:00,-0.005198241
2025-11-21 03:00:00,-0.16995147
2025-11-21 04:00:00,-0.30919176
2025-11-21 05:00:00,-0.35298946
2025-11-21 06:00:00,-0.20814553
2025-11-21 07:00:00,-0.006689034
2025-11-21 08:00:00,0.18776734
2025-11-21 09:00:00,0.32881618
2025-11-21 10:00:00,0.343714
2025-11-21 11:00:00,0.23173875
2025-11-21 12:00:00,0.08738706
2025-11-21 13:00:00,-0.064646035
2025-11-21 14:00:00,-0.216466
2025-11-21 15:00:00,-0.35999265
2025-11-21 16:00:00,-0.46979305
2025-11-21 17:00:00,-0.45718294
2025-11-21 18:00:00,-0.27568153
2025-11-21 19:00:00,-0.03497782
2025-11-21 20:00:00,0.2255102
2025-11-21 21:00:00,0.478177
2025-11-21 22:00:00,0.63560843
2025-11-21 23:00:00,0.60192615
2025-11-22 00:00:00,0.4400683
2025-11-22 01:00:00,0.26325095
2025-11-22 02:00:00,0.08720893
2025-11-22 03:00:00,-0.0837619
2025-11-22 04:00:00,-0.23663993
2025-11-22 05:00:00,-0.34631866
2025-11-22 06:00:00,-0.29921612
2025-11-22 07:00:00,-0.12046211
2025-11-22 08:00:00,0.07679938
2025-11-22 09:00:00,0.25287107
2025-11-22 10:00:00,0.34293565
2025-11-22 11:00:00,0.28824544
2025-11-22 12:00:00,0.15598154
2025-11-22 13:00:00,0.007966681
2025-11-22 14:00:00,-0.14228418
2025-11-22 15:00:00,-0.28981078
2025-11-22 16:00:00,-0.41684943
2025-11-22 17:00:00,-0.48585215
2025-11-22 18:00:00,-0.37781656
2025-11-22 19:00:00,-0.16762863
2025-11-22 20:00:00,0.07820649
2025-11-22 21:00:00,0.33640498
2025-11-22 22:00:00,0.55835134
2025-11-22 23:00:00,0.6352581
2025-11-23 00:00:00,0.52377063
2025-11-23 01:00:00,0.35223186
2025-11-23 02:00:00,0.17704532
2025-11-23 03:00:00,0.004283614
2025-11-23 04:00:00,-0.15792447
2025-11-23 05:00:00,-0.29583704
2025-11-23 06:00:00,-0.3534582
2025-11-23 07:00:00,-0.23491628
2025-11-23 08:00:00,-0.050173398
2025-11-23 09:00:00,0.13142838
2025-11-23 10:00:00,0.2728772
2025-11-23 11:00:00,0.30056292
2025-11-23 12:00:00,0.20196062
2025-11-23 13:00:00,0.065577805
2025-11-23 14:00:00,-0.07887564
2025-11-23 15:00:00,-0.22383335
2025-11-23 16:00:00,-0.3620046
2025-11-23 17:00:00,-0.46697748
2025-11-23 18:00:00,-0.46445188
2025-11-23 19:00:00,-0.30156896
2025-11-23 20:00:00,-0.07985106
2025-11-23 21:00:00,0.16282907
2025-11-23 22:00:00,0.40067807
2025-11-23 23:00:00,0.5632964
2025-11-24 00:00:00,0.5435773
2025-11-24 01:00:00,0.39504245
2025-11-24 02:00:00,0.22538537
2025-11-24 03:00:00,0.05670734
2025-11-24 04:00:00,-0.1081397
2025-11-24 05:00:00,-0.25660884
2025-11-24 06:00:00,-0.36886445
2025-11-24 07:00:00,-0.35862547
2025-11-24 08:00:00,-0.2093021
2025-11-24 09:00:00,-0.030730262
2025-11-24 10:00:00,0.13292558
2025-11-24 11:00:00,0.23855552
2025-11-24 12:00:00,0.22099142
2025-11-24 13:00:00,0.11051515
2025-11-24 14:00:00,-0.023473429
2025-11-24 15:00:00,-0.16170768
2025-11-24 16:00:00,-0.29882726
2025-11-24 17:00:00,-0.419539
2025-11-24 18:00:00,-0.4905479
2025-11-24 19:00:00,-0.4089941
2025-11-24 20:00:00,-0.22240768
2025-11-24 21:00:00,0.0011906321
2025-11-24 22:00:00,0.232255
2025-11-24 23:00:00,0.42979097
2025-11-25 00:00:00,0.51383394
2025-11-25 01:00:00,0.4296062
2025-11-25 02:00:00,0.2774972
2025-11-25 03:00:00,0.1186381
2025-11-25 04:00:00,-0.042808622
2025-11-25 05:00:00,-0.19419338
2025-11-25 06:00:00,-0.3250683
2025-11-25 07:00:00,-0.39535564
2025-11-25 08:00:00,-0.31647474
2025-11-25 09:00:00,-0.15320796
2025-11-25 10:00:00,0.017699957
2025-11-25 11:00:00,0.16578701
2025-11-25 12:00:00,0.24037673
2025-11-25 13:00:00,0.19336803
2025-11-25 14:00:00,0.07792387
2025-11-25 15:00:00,-0.052445717
2025-11-25 16:00:00,-0.18482213
2025-11-25 17:00:00,-0.31185418
2025-11-25 18:00:00,-0.41522485
